{"train/epoch":0.5904059040590406,"_step":100,"train_steps_per_second":0.161,"train/grad_norm":1.2807438373565674,"train_runtime":6207.0069,"train_samples_per_second":1.289,"_runtime":6260,"train/loss":2.7449,"_wandb":{"runtime":6260},"train/learning_rate":3.0461711048035415e-11,"_timestamp":1.7654581446765375e+09,"train_loss":2.8918397483825684,"total_flos":9.342005179158528e+16,"train/global_step":1000}