{"_runtime":1646,"train/loss":3.1727,"train/learning_rate":7.800000000000001e-05,"_wandb":{"runtime":1646},"train/grad_norm":0.7863137722015381,"train/global_step":40,"_timestamp":1.7654641811897345e+09,"_step":3,"train/epoch":0.5565217391304348}